Order_Number,Line_Item,Order_Date,Delivery_Date,CustomerKey,StoreKey,ProductKey,Quantity,Currency_Code
1231007,1,2018-05-15,,1208615,61,1592,1,USD
1231008,1,2018-05-15,,442699,20,1578,4,EUR
1231008,2,2018-05-15,,442699,20,69,3,EUR
1231008,3,2018-05-15,,442699,20,1357,6,EUR
1231009,1,2018-05-15,,1134929,42,1554,1,GBP
1231009,2,2018-05-15,,1134929,42,446,4,GBP
1231009,3,2018-05-15,,1134929,42,181,9,GBP
1231009,4,2018-05-15,,1134929,42,93,2,GBP
1231011,1,2018-05-15,,1996019,57,1564,2,USD
1231011,2,2018-05-15,,1996019,57,1803,1,USD
1231011,3,2018-05-15,,1996019,57,1287,1,USD
1231011,4,2018-05-15,,1996019,57,1444,4,USD
1231011,5,2018-05-15,,1996019,57,421,3,USD
1231011,6,2018-05-15,,1996019,57,355,3,USD
1231012,1,2018-05-15,,924030,36,1165,2,GBP
1231013,1,2018-05-15,,1240776,47,1587,1,USD
1231013,2,2018-05-15,,1240776,47,496,4,USD
1231013,3,2018-05-15,,1240776,47,1763,2,USD
1231014,1,2018-05-15,,311805,8,103,7,CAD
1231014,2,2018-05-15,,311805,8,1678,4,CAD
1231014,3,2018-05-15,,311805,8,57,1,CAD
1231015,1,2018-05-15,2018-05-19,1736614,0,496,3,USD
1231015,2,2018-05-15,2018-05-19,1736614,0,68,2,USD
1232001,1,2018-05-16,,2065817,47,2514,4,USD
1232001,2,2018-05-16,,2065817,47,82,1,USD
1232001,3,2018-05-16,,2065817,47,1182,4,USD
1232001,4,2018-05-16,,2065817,47,54,4,USD
1232002,1,2018-05-16,,1072272,41,1458,3,GBP
1232002,2,2018-05-16,,1072272,41,1449,1,GBP
1232002,3,2018-05-16,,1072272,41,1633,1,GBP
1232002,4,2018-05-16,,1072272,41,1024,2,GBP
1232002,5,2018-05-16,,1072272,41,538,3,GBP
1232003,1,2018-05-16,,1904946,54,2091,1,USD
1232004,1,2018-05-16,2018-05-20,873197,0,184,6,EUR
1232004,2,2018-05-16,2018-05-20,873197,0,145,3,EUR
1232005,1,2018-05-16,,466333,19,1611,5,EUR
1232006,1,2018-05-16,,1256108,65,167,3,USD
1232006,2,2018-05-16,,1256108,65,675,1,USD
1232007,1,2018-05-16,,1710657,61,65,2,USD
1232007,2,2018-05-16,,1710657,61,1589,1,USD
1232007,3,2018-05-16,,1710657,61,2124,1,USD
1232008,1,2018-05-16,,1201045,47,23,3,USD
1232008,3,2018-05-16,,1201045,47,2490,10,USD
1232009,1,2018-05-16,2018-05-20,1924461,0,10,1,USD
1232010,1,2018-05-16,,194359,4,2102,1,AUD
1232010,2,2018-05-16,,194359,4,446,1,AUD
1232010,3,2018-05-16,,194359,4,1359,4,AUD
1232011,1,2018-05-16,,1150012,40,763,3,GBP
1232012,1,2018-05-16,,1652808,53,1106,1,USD
1232012,2,2018-05-16,,1652808,53,1502,1,USD
1232013,1,2018-05-16,,213636,9,1659,1,CAD
1232013,2,2018-05-16,,213636,9,1586,1,CAD
1232013,3,2018-05-16,,213636,9,1596,1,CAD
1232014,1,2018-05-16,2018-05-19,1780459,0,429,3,USD
1232014,2,2018-05-16,2018-05-19,1780459,0,663,1,USD
1232014,3,2018-05-16,2018-05-19,1780459,0,1643,3,USD
1232015,1,2018-05-16,,556220,20,67,8,EUR
1232015,2,2018-05-16,,556220,20,605,5,EUR
1232015,3,2018-05-16,,556220,20,1694,3,EUR
1232015,4,2018-05-16,,556220,20,105,2,EUR
1232015,5,2018-05-16,,556220,20,106,1,EUR
1232015,6,2018-05-16,,556220,20,1545,6,EUR
1232015,7,2018-05-16,,556220,20,1633,1,EUR
1232016,1,2018-05-16,,1588014,47,1641,2,USD
1232016,2,2018-05-16,,1588014,47,1541,4,USD
1232016,3,2018-05-16,,1588014,47,1417,3,USD
1232017,1,2018-05-16,,1618921,59,1810,3,USD
1232017,2,2018-05-16,,1618921,59,41,6,USD
1232018,1,2018-05-16,2018-05-22,207552,0,1648,2,CAD
1232018,2,2018-05-16,2018-05-22,207552,0,1442,2,CAD
1232018,3,2018-05-16,2018-05-22,207552,0,1051,1,CAD
1232018,4,2018-05-16,2018-05-22,207552,0,1226,3,CAD
1232018,5,2018-05-16,2018-05-22,207552,0,1463,1,CAD
1232019,1,2018-05-16,,1440047,48,1571,4,USD
1233000,1,2018-05-17,,1720112,63,1119,3,USD
1233000,2,2018-05-17,,1720112,63,29,3,USD
1233001,1,2018-05-17,,1851698,61,2093,7,USD
1233001,2,2018-05-17,,1851698,61,1678,1,USD
1233002,1,2018-05-17,,7109,1,59,3,AUD
1233002,2,2018-05-17,,7109,1,1703,5,AUD
1233003,1,2018-05-17,,543834,20,1763,3,EUR
1233004,1,2018-05-17,,196288,4,164,3,AUD
1233004,2,2018-05-17,,196288,4,563,3,AUD
1233004,3,2018-05-17,,196288,4,1637,6,AUD
1233004,4,2018-05-17,,196288,4,1157,1,AUD
1233004,5,2018-05-17,,196288,4,75,5,AUD
1233004,6,2018-05-17,,196288,4,1769,1,AUD
1233005,1,2018-05-17,,162300,5,669,1,AUD
1233005,2,2018-05-17,,162300,5,742,4,AUD
1233005,3,2018-05-17,,162300,5,1281,1,AUD
1233005,4,2018-05-17,,162300,5,292,1,AUD
1233005,5,2018-05-17,,162300,5,2123,4,AUD
1233005,6,2018-05-17,,162300,5,455,1,AUD
1233005,7,2018-05-17,,162300,5,1767,4,AUD
1233006,1,2018-05-17,,1959272,66,1564,3,USD
1233006,2,2018-05-17,,1959272,66,546,3,USD
1233006,3,2018-05-17,,1959272,66,481,1,USD
1233006,4,2018-05-17,,1959272,66,2115,1,USD
1233007,1,2018-05-17,,1399330,65,448,1,USD
1233007,2,2018-05-17,,1399330,65,1703,1,USD
1233007,3,2018-05-17,,1399330,65,1880,1,USD
1233007,4,2018-05-17,,1399330,65,1541,1,USD
1233007,5,2018-05-17,,1399330,65,2092,1,USD
1233007,6,2018-05-17,,1399330,65,1795,4,USD
1233007,7,2018-05-17,,1399330,65,1548,4,USD
1233008,1,2018-05-17,,1021727,41,928,1,GBP
1233008,2,2018-05-17,,1021727,41,1936,2,GBP
1233009,1,2018-05-17,,1813998,61,1655,7,USD
1233009,2,2018-05-17,,1813998,61,2364,2,USD
1233009,3,2018-05-17,,1813998,61,8,2,USD
1233010,1,2018-05-17,2018-05-21,1081604,0,1725,8,GBP
1233010,2,2018-05-17,2018-05-21,1081604,0,1216,3,GBP
1233011,1,2018-05-17,,382539,9,13,6,CAD
1233012,1,2018-05-17,2018-05-22,2082335,0,1666,8,USD
1233012,2,2018-05-17,2018-05-22,2082335,0,1090,3,USD
1233012,3,2018-05-17,2018-05-22,2082335,0,1213,2,USD
1233013,1,2018-05-17,,1094276,39,420,7,GBP
1233013,2,2018-05-17,,1094276,39,2200,2,GBP
1233014,1,2018-05-17,,1317281,44,71,3,USD
1233014,2,2018-05-17,,1317281,44,27,6,USD
1233014,4,2018-05-17,,1317281,44,369,1,USD
1233014,5,2018-05-17,,1317281,44,10,3,USD
1233014,7,2018-05-17,,1317281,44,87,4,USD
1233015,1,2018-05-17,,793686,30,52,1,EUR
1233016,1,2018-05-17,,568333,24,1468,1,EUR
1233016,2,2018-05-17,,568333,24,1674,3,EUR
1233017,1,2018-05-17,,1415490,53,1393,1,USD
1233018,1,2018-05-17,,817645,34,1474,1,EUR
1233018,2,2018-05-17,,817645,34,1616,2,EUR
1233019,1,2018-05-17,,1442626,50,106,1,USD
1233019,2,2018-05-17,,1442626,50,1636,1,USD
1233019,3,2018-05-17,,1442626,50,1126,8,USD
1233019,4,2018-05-17,,1442626,50,965,3,USD
1233019,5,2018-05-17,,1442626,50,40,5,USD
1233020,1,2018-05-17,,780974,30,1624,1,EUR
1233020,2,2018-05-17,,780974,30,435,3,EUR
1233020,3,2018-05-17,,780974,30,1700,4,EUR
1233020,4,2018-05-17,,780974,30,1603,1,EUR
1233021,1,2018-05-17,,727109,30,2062,2,EUR
1233021,2,2018-05-17,,727109,30,435,1,EUR
1233022,1,2018-05-17,,1958662,59,840,3,USD
1233022,2,2018-05-17,,1958662,59,1460,3,USD
1234000,1,2018-05-18,,1241140,51,421,3,USD
1234000,2,2018-05-18,,1241140,51,454,2,USD
1234001,1,2018-05-18,,2069956,48,1675,4,USD
1234001,2,2018-05-18,,2069956,48,1573,7,USD
1234001,3,2018-05-18,,2069956,48,363,2,USD
1234002,1,2018-05-18,,450600,23,1365,2,EUR
1234002,2,2018-05-18,,450600,23,1681,6,EUR
1234002,3,2018-05-18,,450600,23,1610,2,EUR
1234003,1,2018-05-18,,1765324,51,1572,1,USD
1234004,1,2018-05-18,,1385828,44,1381,10,USD
1234005,1,2018-05-18,,761177,30,543,6,EUR
1234006,1,2018-05-18,2018-05-22,1324842,0,1670,3,USD
1234006,2,2018-05-18,2018-05-22,1324842,0,17,3,USD
1234007,1,2018-05-18,,1293219,57,873,7,USD
1234008,1,2018-05-18,,1190513,37,1593,1,GBP
1234008,2,2018-05-18,,1190513,37,1684,9,GBP
1234009,1,2018-05-18,,1284244,63,11,6,USD
1234010,1,2018-05-18,,1466537,50,399,1,USD
1234011,1,2018-05-18,,1179746,38,1579,1,GBP
1234011,2,2018-05-18,,1179746,38,1594,1,GBP
1234011,3,2018-05-18,,1179746,38,57,1,GBP
1234011,4,2018-05-18,,1179746,38,183,7,GBP
1234011,5,2018-05-18,,1179746,38,2181,5,GBP
1234011,6,2018-05-18,,1179746,38,1968,4,GBP
1234011,7,2018-05-18,,1179746,38,2115,5,GBP
1234012,1,2018-05-18,,435697,24,1589,4,EUR
1234013,1,2018-05-18,,1286602,65,23,3,USD
1234014,1,2018-05-18,2018-05-25,701397,0,91,5,EUR
1234014,3,2018-05-18,2018-05-25,701397,0,369,1,EUR
1234014,4,2018-05-18,2018-05-25,701397,0,153,8,EUR
1286007,2,2018-07-09,,1899782,54,1621,5,USD
1286007,3,2018-07-09,,1899782,54,1632,8,USD
1286008,1,2018-07-09,,786030,29,1681,3,EUR
1286010,1,2018-07-09,,1906549,49,1547,2,USD
1286010,2,2018-07-09,,1906549,49,2481,3,USD
1286010,3,2018-07-09,,1906549,49,1144,4,USD
1286010,4,2018-07-09,,1906549,49,170,2,USD
1286010,5,2018-07-09,,1906549,49,1037,1,USD
1286010,6,2018-07-09,,1906549,49,48,1,USD
1286010,7,2018-07-09,,1906549,49,1654,3,USD
1286011,1,2018-07-09,,1767377,65,1592,1,USD
1286011,2,2018-07-09,,1767377,65,2509,6,USD
1286011,3,2018-07-09,,1767377,65,1487,1,USD
1286011,4,2018-07-09,,1767377,65,1459,1,USD
1286012,1,2018-07-09,,1196721,40,2104,7,GBP
1287000,1,2018-07-10,,29812,5,1597,1,AUD
1287000,2,2018-07-10,,29812,5,424,1,AUD
1287001,1,2018-07-10,,227898,10,645,1,CAD
1287002,1,2018-07-10,,1802052,50,164,5,USD
1287003,1,2018-07-10,,1730522,64,1782,1,USD
1287003,2,2018-07-10,,1730522,64,433,2,USD
1287004,1,2018-07-10,2018-07-13,495181,0,176,1,EUR
1287004,2,2018-07-10,2018-07-13,495181,0,1950,1,EUR
1287004,3,2018-07-10,2018-07-13,495181,0,1708,2,EUR
1287004,4,2018-07-10,2018-07-13,495181,0,1635,2,EUR
1287004,5,2018-07-10,2018-07-13,495181,0,1312,1,EUR
1287004,6,2018-07-10,2018-07-13,495181,0,448,3,EUR
1287005,1,2018-07-10,,771968,30,434,1,EUR
1287005,2,2018-07-10,,771968,30,964,2,EUR
1287006,1,2018-07-10,,251084,9,966,3,CAD
1287006,2,2018-07-10,,251084,9,111,7,CAD
1287007,1,2018-07-10,2018-07-13,1247394,0,1787,4,USD
1287008,1,2018-07-10,,1224615,48,1584,2,USD
1287009,1,2018-07-10,,1039050,42,968,2,GBP
1287009,2,2018-07-10,,1039050,42,1259,1,GBP
1287009,3,2018-07-10,,1039050,42,1594,10,GBP
1287010,1,2018-07-10,,1667349,63,18,3,USD
1287010,3,2018-07-10,,1667349,63,1532,2,USD
1287010,4,2018-07-10,,1667349,63,1608,3,USD
1287010,5,2018-07-10,,1667349,63,2418,5,USD
1287010,6,2018-07-10,,1667349,63,1600,1,USD
1287012,1,2018-07-10,2018-07-13,467182,0,1742,1,EUR
1287012,2,2018-07-10,2018-07-13,467182,0,52,6,EUR
1287012,3,2018-07-10,2018-07-13,467182,0,1571,4,EUR
1287013,1,2018-07-10,,388416,9,1785,2,CAD
1287013,2,2018-07-10,,388416,9,1417,6,CAD
1287013,3,2018-07-10,,388416,9,1923,5,CAD
1287014,1,2018-07-10,,1010693,41,118,10,GBP
1287014,2,2018-07-10,,1010693,41,890,5,GBP
1287015,1,2018-07-10,2018-07-15,1149244,0,1871,2,GBP
1287015,2,2018-07-10,2018-07-15,1149244,0,1588,6,GBP
1287015,3,2018-07-10,2018-07-15,1149244,0,1558,1,GBP
1287015,4,2018-07-10,2018-07-15,1149244,0,174,3,GBP
1287015,5,2018-07-10,2018-07-15,1149244,0,381,2,GBP
1287015,6,2018-07-10,2018-07-15,1149244,0,707,3,GBP
1287015,7,2018-07-10,2018-07-15,1149244,0,523,2,GBP
1287016,1,2018-07-10,,2076833,45,1357,2,USD
1287016,2,2018-07-10,,2076833,45,1645,1,USD
1287016,3,2018-07-10,,2076833,45,1208,5,USD
1288000,1,2018-07-11,,1694419,50,577,5,USD
1288001,1,2018-07-11,,1470648,54,432,1,USD
1288002,1,2018-07-11,2018-07-16,1621290,0,1791,8,USD
1288003,1,2018-07-11,,1918342,57,1202,7,USD
1288003,2,2018-07-11,,1918342,57,1444,2,USD
1288003,3,2018-07-11,,1918342,57,1616,3,USD
1288004,1,2018-07-11,2018-07-18,528361,0,362,2,EUR
1288005,1,2018-07-11,,1226535,45,436,1,USD
1288006,1,2018-07-11,,1887933,61,1761,5,USD
1288006,2,2018-07-11,,1887933,61,1976,2,USD
1288007,1,2018-07-11,,1252370,66,158,1,USD
1288008,1,2018-07-11,,509680,24,1599,1,EUR
1288009,1,2018-07-11,,1237096,62,1423,1,USD
1288009,2,2018-07-11,,1237096,62,107,2,USD
1288009,3,2018-07-11,,1237096,62,90,2,USD
1288009,4,2018-07-11,,1237096,62,473,2,USD
1288010,1,2018-07-11,,1688411,62,1467,2,USD
1288010,2,2018-07-11,,1688411,62,85,6,USD
1288010,3,2018-07-11,,1688411,62,2100,10,USD
1288011,1,2018-07-11,,340427,9,65,4,CAD
1288011,2,2018-07-11,,340427,9,515,3,CAD
1288013,1,2018-07-11,,916148,40,125,4,GBP
1288014,1,2018-07-11,,1342915,64,1294,3,USD
1288014,2,2018-07-11,,1342915,64,1348,3,USD
1288014,3,2018-07-11,,1342915,64,1282,2,USD
1288014,4,2018-07-11,,1342915,64,1995,2,USD
1288016,1,2018-07-11,,1942560,49,1618,3,USD
1288017,1,2018-07-11,,1390823,48,1631,1,USD
1288017,2,2018-07-11,,1390823,48,1346,2,USD
1288017,3,2018-07-11,,1390823,48,1647,2,USD
1288017,4,2018-07-11,,1390823,48,846,6,USD
1288017,5,2018-07-11,,1390823,48,1597,6,USD
1288017,6,2018-07-11,,1390823,48,553,3,USD
1288018,1,2018-07-11,,2011787,50,2078,3,USD
1288018,2,2018-07-11,,2011787,50,188,3,USD
1288019,1,2018-07-11,,1629311,51,444,5,USD
1288019,2,2018-07-11,,1629311,51,1991,7,USD
1288019,3,2018-07-11,,1629311,51,1313,3,USD
1288020,1,2018-07-11,,1485415,56,496,2,USD
1288021,1,2018-07-11,,1358810,45,1694,2,USD
1289000,1,2018-07-12,,368610,10,1372,2,CAD
1289001,1,2018-07-12,2018-07-18,88897,0,2137,3,AUD
1289001,2,2018-07-12,2018-07-18,88897,0,459,7,AUD
1289002,1,2018-07-12,,445898,22,1625,2,EUR
1289002,2,2018-07-12,,445898,22,1650,2,EUR
1289002,3,2018-07-12,,445898,22,507,6,EUR
1289003,1,2018-07-12,2018-07-16,536119,0,1510,7,EUR
1289003,2,2018-07-12,2018-07-16,536119,0,2500,7,EUR
1289004,1,2018-07-12,,437389,22,1424,7,EUR
1289004,2,2018-07-12,,437389,22,1575,1,EUR
1289005,1,2018-07-12,2018-07-16,675240,0,162,1,EUR
1289005,2,2018-07-12,2018-07-16,675240,0,1638,6,EUR
1289006,1,2018-07-12,,1519413,51,2511,2,USD
1289007,1,2018-07-12,2018-07-19,1052970,0,161,1,GBP
1289007,2,2018-07-12,2018-07-19,1052970,0,403,3,GBP
1289008,1,2018-07-12,,1767848,64,1710,6,USD
1289008,2,2018-07-12,,1767848,64,1255,2,USD
1289008,3,2018-07-12,,1767848,64,1459,3,USD
1289008,4,2018-07-12,,1767848,64,181,5,USD
1289009,1,2018-07-12,,352043,8,1332,9,CAD
1289009,2,2018-07-12,,352043,8,1639,2,CAD
1289009,3,2018-07-12,,352043,8,1672,1,CAD
1289010,1,2018-07-12,2018-07-13,314740,0,1153,1,CAD
1289010,2,2018-07-12,2018-07-13,314740,0,188,2,CAD
1289010,3,2018-07-12,2018-07-13,314740,0,2490,1,CAD
1289010,4,2018-07-12,2018-07-13,314740,0,1614,5,CAD
1289010,5,2018-07-12,2018-07-13,314740,0,470,1,CAD
1289010,6,2018-07-12,2018-07-13,314740,0,1462,1,CAD
1289010,7,2018-07-12,2018-07-13,314740,0,1695,1,CAD
1289011,1,2018-07-12,,1355146,49,194,3,USD
1289011,2,2018-07-12,,1355146,49,2165,2,USD
1289011,3,2018-07-12,,1355146,49,426,2,USD
1289011,4,2018-07-12,,1355146,49,125,1,USD
1289012,1,2018-07-12,2018-07-17,1022792,0,592,6,GBP
1289012,2,2018-07-12,2018-07-17,1022792,0,1017,1,GBP
1289012,3,2018-07-12,2018-07-17,1022792,0,1619,2,GBP
1289012,4,2018-07-12,2018-07-17,1022792,0,2109,1,GBP
1289012,5,2018-07-12,2018-07-17,1022792,0,1110,8,GBP
1289012,6,2018-07-12,2018-07-17,1022792,0,1576,1,GBP
1289013,1,2018-07-12,,283685,8,1650,2,CAD
1289013,2,2018-07-12,,283685,8,795,4,CAD
1289014,1,2018-07-12,,281546,9,790,1,CAD
1289015,1,2018-07-12,,1916541,43,90,3,USD
1289015,3,2018-07-12,,1916541,43,2495,2,USD
1289016,1,2018-07-12,,1035789,37,1469,5,GBP
1289017,1,2018-07-12,,1136319,38,1536,6,GBP
1289018,1,2018-07-12,,542632,19,1679,4,EUR
1289018,2,2018-07-12,,542632,19,1174,6,EUR
1289018,3,2018-07-12,,542632,19,2169,4,EUR
1289019,1,2018-07-12,,1727561,64,1250,2,USD
1289019,2,2018-07-12,,1727561,64,545,8,USD
1289020,1,2018-07-12,2018-07-20,305010,0,1036,1,CAD
1289020,2,2018-07-12,2018-07-20,305010,0,1662,2,CAD
1289020,3,2018-07-12,2018-07-20,305010,0,581,2,CAD
1289020,4,2018-07-12,2018-07-20,305010,0,65,1,CAD
1289021,1,2018-07-12,,1939841,65,47,2,USD
1289022,1,2018-07-12,,1632630,62,1639,7,USD
1289023,1,2018-07-12,,1751091,43,449,3,USD
1289023,2,2018-07-12,,1751091,43,1273,2,USD
1289023,3,2018-07-12,,1751091,43,1911,4,USD
1289024,1,2018-07-12,,1594579,43,1922,3,USD
1289024,2,2018-07-12,,1594579,43,1950,4,USD
1289024,3,2018-07-12,,1594579,43,1601,6,USD
1289024,4,2018-07-12,,1594579,43,1616,1,USD
1290000,1,2018-07-13,,2040327,56,1659,3,USD
1290001,1,2018-07-13,,1822685,65,1798,3,USD
1290001,2,2018-07-13,,1822685,65,1806,7,USD
1290002,1,2018-07-13,,1600419,53,1639,1,USD
1290002,2,2018-07-13,,1600419,53,75,4,USD
1290002,3,2018-07-13,,1600419,53,441,3,USD
1290002,4,2018-07-13,,1600419,53,325,7,USD
1290002,5,2018-07-13,,1600419,53,1861,5,USD
1290003,1,2018-07-13,,1288206,44,99,1,USD
1340034,1,2018-09-01,,1749542,54,669,3,USD
1340034,2,2018-09-01,,1749542,54,1369,1,USD
1340034,3,2018-09-01,,1749542,54,1564,7,USD
1341001,1,2018-09-02,,328915,10,110,1,CAD
1341001,2,2018-09-02,,328915,10,22,1,CAD
1341001,4,2018-09-02,,328915,10,56,5,CAD
1341002,1,2018-09-02,,1560123,56,1444,2,USD
1341002,2,2018-09-02,,1560123,56,1634,6,USD
1341002,3,2018-09-02,,1560123,56,1581,1,USD
1342000,1,2018-09-03,2018-09-05,643711,0,746,4,EUR
1342000,2,2018-09-03,2018-09-05,643711,0,436,3,EUR
1342001,1,2018-09-03,,1380432,66,71,2,USD
1342002,1,2018-09-03,,710996,29,1106,2,EUR
1342002,2,2018-09-03,,710996,29,142,4,EUR
1342004,1,2018-09-03,2018-09-07,1909376,0,173,1,USD
1342005,1,2018-09-03,,1815456,55,1325,3,USD
1342006,1,2018-09-03,2018-09-10,1635587,0,708,2,USD
1342006,2,2018-09-03,2018-09-10,1635587,0,2499,1,USD
1342006,3,2018-09-03,2018-09-10,1635587,0,128,6,USD
1342006,4,2018-09-03,2018-09-10,1635587,0,983,1,USD
1342007,1,2018-09-03,,1454138,51,1501,3,USD
1342008,1,2018-09-03,2018-09-08,902687,0,425,3,GBP
1342008,2,2018-09-03,2018-09-08,902687,0,37,4,GBP
1342008,4,2018-09-03,2018-09-08,902687,0,1704,2,GBP
1342009,1,2018-09-03,,292420,9,90,1,CAD
1342009,2,2018-09-03,,292420,9,140,3,CAD
1342009,3,2018-09-03,,292420,9,598,6,CAD
1342009,4,2018-09-03,,292420,9,1729,1,CAD
1342009,5,2018-09-03,,292420,9,979,2,CAD
1342009,6,2018-09-03,,292420,9,443,5,CAD
1342010,1,2018-09-03,,1970944,56,1638,2,USD
1342010,2,2018-09-03,,1970944,56,253,5,USD
1342011,1,2018-09-03,,584796,23,1676,2,EUR
1342012,1,2018-09-03,,1302817,56,185,1,USD
1342012,2,2018-09-03,,1302817,56,2160,2,USD
1342012,3,2018-09-03,,1302817,56,1588,4,USD
1342013,1,2018-09-03,,1783253,47,1369,1,USD
1342013,2,2018-09-03,,1783253,47,847,2,USD
1342013,3,2018-09-03,,1783253,47,1646,6,USD
1342013,4,2018-09-03,,1783253,47,112,1,USD
1342014,1,2018-09-03,2018-09-08,572339,0,1518,5,EUR
1343000,1,2018-09-04,2018-09-09,322806,0,56,4,CAD
1343000,2,2018-09-04,2018-09-09,322806,0,1870,7,CAD
1343000,3,2018-09-04,2018-09-09,322806,0,140,7,CAD
1343000,4,2018-09-04,2018-09-09,322806,0,1570,2,CAD
1343001,1,2018-09-04,,1741944,57,1649,2,USD
1343001,2,2018-09-04,,1741944,57,320,1,USD
1343001,3,2018-09-04,,1741944,57,1088,1,USD
1343001,4,2018-09-04,,1741944,57,1555,3,USD
1343002,1,2018-09-04,2018-09-07,1799269,0,181,2,USD
1343003,1,2018-09-04,,249956,8,459,1,CAD
1343003,2,2018-09-04,,249956,8,1452,3,CAD
1343004,1,2018-09-04,,684027,12,2088,1,EUR
1343004,2,2018-09-04,,684027,12,360,6,EUR
1343005,1,2018-09-04,,254825,8,1641,1,CAD
1343006,1,2018-09-04,,1970218,56,1682,4,USD
1343006,2,2018-09-04,,1970218,56,2515,3,USD
1343007,1,2018-09-04,,1388434,51,1318,3,USD
1343007,2,2018-09-04,,1388434,51,1563,7,USD
1343007,3,2018-09-04,,1388434,51,287,4,USD
1343007,4,2018-09-04,,1388434,51,1618,4,USD
1343007,5,2018-09-04,,1388434,51,1452,5,USD
1343007,6,2018-09-04,,1388434,51,505,2,USD
1343007,7,2018-09-04,,1388434,51,115,3,USD
1343008,1,2018-09-04,,51172,5,1238,1,AUD
1343008,2,2018-09-04,,51172,5,1409,1,AUD
1343009,1,2018-09-04,,1892265,51,562,1,USD
1343010,1,2018-09-04,2018-09-07,1358239,0,952,5,USD
1343010,2,2018-09-04,2018-09-07,1358239,0,1650,1,USD
1343011,1,2018-09-04,,1031361,38,67,7,GBP
1343011,2,2018-09-04,,1031361,38,1625,1,GBP
1343011,3,2018-09-04,,1031361,38,1260,3,GBP
1343011,4,2018-09-04,,1031361,38,1520,3,GBP
1343011,5,2018-09-04,,1031361,38,2403,1,GBP
1343011,6,2018-09-04,,1031361,38,134,5,GBP
1343011,7,2018-09-04,,1031361,38,1664,4,GBP
1343012,1,2018-09-04,2018-09-08,1577297,0,1664,5,USD
1343012,2,2018-09-04,2018-09-08,1577297,0,1719,5,USD
1343012,3,2018-09-04,2018-09-08,1577297,0,1483,4,USD
1343012,4,2018-09-04,2018-09-08,1577297,0,1051,6,USD
1343012,5,2018-09-04,2018-09-08,1577297,0,2063,2,USD
1343013,1,2018-09-04,,1011560,36,191,4,GBP
1343014,1,2018-09-04,,249320,8,2492,1,CAD
1343014,2,2018-09-04,,249320,8,1577,3,CAD
1343014,3,2018-09-04,,249320,8,562,1,CAD
1343015,1,2018-09-04,,1921863,54,2516,1,USD
1343015,2,2018-09-04,,1921863,54,729,1,USD
1343015,3,2018-09-04,,1921863,54,1778,6,USD
1343016,1,2018-09-04,,1022388,38,1603,1,GBP
1343017,1,2018-09-04,,1140712,42,1316,7,GBP
1343017,2,2018-09-04,,1140712,42,2495,2,GBP
1343017,3,2018-09-04,,1140712,42,1795,1,GBP
1343017,4,2018-09-04,,1140712,42,346,4,GBP
1343017,5,2018-09-04,,1140712,42,1625,2,GBP
1343017,6,2018-09-04,,1140712,42,1614,1,GBP
1343017,7,2018-09-04,,1140712,42,2455,3,GBP
1343018,1,2018-09-04,,1247074,48,1699,1,USD
1343018,2,2018-09-04,,1247074,48,1648,4,USD
1343019,1,2018-09-04,,946737,40,1627,9,GBP
1343019,2,2018-09-04,,946737,40,191,3,GBP
1343020,1,2018-09-04,,270034,9,420,5,CAD
1343020,2,2018-09-04,,270034,9,892,3,CAD
1344000,1,2018-09-05,,1922310,64,1419,2,USD
1344001,1,2018-09-05,,788414,29,2187,1,EUR
1344001,2,2018-09-05,,788414,29,2105,2,EUR
1344001,3,2018-09-05,,788414,29,1638,2,EUR
1344002,1,2018-09-05,2018-09-11,175184,0,1653,6,AUD
1344003,1,2018-09-05,,1930860,57,1574,3,USD
1344003,2,2018-09-05,,1930860,57,2495,1,USD
1344003,3,2018-09-05,,1930860,57,26,2,USD
1344004,1,2018-09-05,2018-09-11,954712,0,1381,3,GBP
1344004,2,2018-09-05,2018-09-11,954712,0,811,2,GBP
1344005,1,2018-09-05,,1049861,40,451,8,GBP
1344005,2,2018-09-05,,1049861,40,1484,2,GBP
1344005,3,2018-09-05,,1049861,40,1641,4,GBP
1344006,1,2018-09-05,,232586,10,100,3,CAD
1344008,1,2018-09-05,,846031,32,515,2,EUR
1344008,2,2018-09-05,,846031,32,2504,3,EUR
1344009,1,2018-09-05,,1534799,59,2494,3,USD
1344010,1,2018-09-05,,962575,39,1440,1,GBP
1344010,2,2018-09-05,,962575,39,1593,5,GBP
1344011,1,2018-09-05,,220723,9,2150,3,CAD
1344011,2,2018-09-05,,220723,9,98,2,CAD
1344011,3,2018-09-05,,220723,9,1597,1,CAD
1344012,1,2018-09-05,,1114100,42,2039,5,GBP
1344013,1,2018-09-05,,1605025,64,1703,3,USD
1344014,1,2018-09-05,2018-09-14,1647940,0,1690,1,USD
1344014,2,2018-09-05,2018-09-14,1647940,0,359,4,USD
1344014,3,2018-09-05,2018-09-14,1647940,0,97,4,USD
1344015,1,2018-09-05,2018-09-09,458315,0,1694,6,EUR
1344015,2,2018-09-05,2018-09-09,458315,0,1626,3,EUR
1344016,1,2018-09-05,,1585185,50,1941,4,USD
1344016,2,2018-09-05,,1585185,50,14,1,USD
1344016,4,2018-09-05,,1585185,50,693,3,USD
1344017,1,2018-09-05,,900030,40,1322,6,GBP
1344017,2,2018-09-05,,900030,40,2141,1,GBP
1344018,1,2018-09-05,,271212,9,602,8,CAD
1344019,1,2018-09-05,2018-09-09,1201865,0,1134,1,USD
1344019,2,2018-09-05,2018-09-09,1201865,0,1355,1,USD
1344020,1,2018-09-05,,1892265,64,89,2,USD
1344020,2,2018-09-05,,1892265,64,2095,3,USD
1344020,3,2018-09-05,,1892265,64,1628,6,USD
1344021,1,2018-09-05,2018-09-08,1669997,0,851,3,USD
1344021,2,2018-09-05,2018-09-08,1669997,0,441,1,USD
1344022,1,2018-09-05,,1583342,57,61,5,USD
1344023,1,2018-09-05,,716065,30,1593,2,EUR
1344024,1,2018-09-05,2018-09-09,1886932,0,1460,2,USD
1344024,2,2018-09-05,2018-09-09,1886932,0,737,6,USD
1344025,1,2018-09-05,,868738,31,55,1,EUR
1344025,2,2018-09-05,,868738,31,876,2,EUR
1345000,1,2018-09-06,,1882958,48,1477,1,USD
1345000,2,2018-09-06,,1882958,48,493,2,USD
1345000,3,2018-09-06,,1882958,48,406,1,USD
1345003,1,2018-09-06,,971716,39,2484,1,GBP
1345004,1,2018-09-06,2018-09-11,1203228,0,1760,1,USD
1345005,1,2018-09-06,,1915620,48,354,3,USD
1345005,2,2018-09-06,,1915620,48,1601,1,USD
1345006,1,2018-09-06,2018-09-08,1491708,0,61,2,USD
1345006,2,2018-09-06,2018-09-08,1491708,0,2491,1,USD
1345007,1,2018-09-06,,93788,4,1817,1,AUD
1345007,2,2018-09-06,,93788,4,1579,2,AUD
1345008,1,2018-09-06,,1401578,51,1047,1,USD
1345008,2,2018-09-06,,1401578,51,84,5,USD
1345009,1,2018-09-06,,1290284,61,1678,1,USD
1345009,2,2018-09-06,,1290284,61,439,3,USD
1345010,1,2018-09-06,,953917,39,421,1,GBP
1345010,2,2018-09-06,,953917,39,1119,3,GBP
1345012,1,2018-09-06,2018-09-17,382539,0,1675,7,CAD
1345012,2,2018-09-06,2018-09-17,382539,0,1625,2,CAD
1345013,1,2018-09-06,,1117051,36,175,1,GBP
1345013,2,2018-09-06,,1117051,36,1971,6,GBP
1345014,1,2018-09-06,,33036,5,1635,2,AUD
1387012,4,2018-10-18,,1700215,57,1657,3,USD
1387013,1,2018-10-18,,1909198,61,92,10,USD
1387013,2,2018-10-18,,1909198,61,1660,2,USD
1387013,3,2018-10-18,,1909198,61,1469,1,USD
1387014,1,2018-10-18,,1431002,59,1287,2,USD
1387015,1,2018-10-18,,1480712,49,360,10,USD
1387017,1,2018-10-18,,837312,31,86,4,EUR
1387017,2,2018-10-18,,837312,31,89,6,EUR
1387018,1,2018-10-18,,419536,27,1724,3,EUR
1387019,1,2018-10-18,,305926,8,2115,3,CAD
1387019,2,2018-10-18,,305926,8,1532,6,CAD
1387019,3,2018-10-18,,305926,8,1141,3,CAD
1387019,4,2018-10-18,,305926,8,860,1,CAD
1387020,1,2018-10-18,,595267,27,60,7,EUR
1387022,1,2018-10-18,2018-10-21,2062220,0,152,3,USD
1387022,2,2018-10-18,2018-10-21,2062220,0,80,1,USD
1387023,1,2018-10-18,2018-10-26,929820,0,1459,4,GBP
1387023,2,2018-10-18,2018-10-26,929820,0,65,2,GBP
1387023,3,2018-10-18,2018-10-26,929820,0,453,1,GBP
1387025,1,2018-10-18,,1486980,47,2147,3,USD
1387025,2,2018-10-18,,1486980,47,647,2,USD
1387025,3,2018-10-18,,1486980,47,855,8,USD
1387026,1,2018-10-18,,2084140,53,1674,6,USD
1387026,2,2018-10-18,,2084140,53,698,3,USD
1387026,3,2018-10-18,,2084140,53,1211,1,USD
1387026,4,2018-10-18,,2084140,53,990,6,USD
1387027,1,2018-10-18,2018-10-19,511229,0,1351,1,EUR
1387028,1,2018-10-18,,1722993,59,314,7,USD
1387028,2,2018-10-18,,1722993,59,890,1,USD
1387028,3,2018-10-18,,1722993,59,1175,1,USD
1387028,4,2018-10-18,,1722993,59,429,6,USD
1387029,1,2018-10-18,,1658273,61,1525,2,USD
1388000,1,2018-10-19,2018-10-22,1532333,0,1907,3,USD
1388000,2,2018-10-19,2018-10-22,1532333,0,443,3,USD
1388001,1,2018-10-19,,1503640,47,1747,2,USD
1388002,1,2018-10-19,,1234917,45,421,1,USD
1388002,2,2018-10-19,,1234917,45,424,3,USD
1388003,1,2018-10-19,,1650349,64,587,1,USD
1388004,1,2018-10-19,,1689813,44,1577,1,USD
1388004,2,2018-10-19,,1689813,44,2000,5,USD
1388004,3,2018-10-19,,1689813,44,1611,3,USD
1388004,4,2018-10-19,,1689813,44,1682,1,USD
1388004,5,2018-10-19,,1689813,44,1354,7,USD
1388004,6,2018-10-19,,1689813,44,388,2,USD
1388004,7,2018-10-19,,1689813,44,1597,1,USD
1388005,1,2018-10-19,,1884908,45,101,6,USD
1388005,2,2018-10-19,,1884908,45,1585,2,USD
1388005,3,2018-10-19,,1884908,45,1410,2,USD
1388005,4,2018-10-19,,1884908,45,2041,1,USD
1388005,5,2018-10-19,,1884908,45,985,2,USD
1388005,6,2018-10-19,,1884908,45,506,4,USD
1388005,7,2018-10-19,,1884908,45,407,6,USD
1388006,1,2018-10-19,,113481,6,459,1,AUD
1388006,2,2018-10-19,,113481,6,2090,4,AUD
1388006,3,2018-10-19,,113481,6,1678,2,AUD
1388007,1,2018-10-19,,727285,29,1736,5,EUR
1388007,2,2018-10-19,,727285,29,2432,1,EUR
1388008,1,2018-10-19,,1343700,59,2087,1,USD
1388008,2,2018-10-19,,1343700,59,191,1,USD
1388009,1,2018-10-19,,733915,29,614,4,EUR
1388009,2,2018-10-19,,733915,29,2506,6,EUR
1388010,1,2018-10-19,,710555,30,1463,2,EUR
1388010,2,2018-10-19,,710555,30,1482,1,EUR
1388010,3,2018-10-19,,710555,30,1570,6,EUR
1388010,4,2018-10-19,,710555,30,358,3,EUR
1388011,1,2018-10-19,2018-10-22,1268661,0,1538,10,USD
1388011,2,2018-10-19,2018-10-22,1268661,0,87,2,USD
1388012,1,2018-10-19,,678055,15,538,1,EUR
1388012,2,2018-10-19,,678055,15,460,8,EUR
1388012,3,2018-10-19,,678055,15,70,2,EUR
1388012,4,2018-10-19,,678055,15,2057,1,EUR
1388012,5,2018-10-19,,678055,15,2497,1,EUR
1388012,6,2018-10-19,,678055,15,649,3,EUR
1388012,7,2018-10-19,,678055,15,402,4,EUR
1388013,1,2018-10-19,,1144303,39,1436,9,GBP
1388015,1,2018-10-19,2018-10-24,1256029,0,1391,1,USD
1388015,2,2018-10-19,2018-10-24,1256029,0,66,3,USD
1388015,3,2018-10-19,2018-10-24,1256029,0,454,1,USD
1388016,1,2018-10-19,,633448,15,1631,2,EUR
1388016,2,2018-10-19,,633448,15,471,1,EUR
1388016,3,2018-10-19,,633448,15,401,1,EUR
1388017,1,2018-10-19,2018-10-24,1411591,0,178,2,USD
1388017,2,2018-10-19,2018-10-24,1411591,0,1587,2,USD
1388018,1,2018-10-19,,929598,38,454,1,GBP
1388018,2,2018-10-19,,929598,38,2156,4,GBP
1388020,1,2018-10-19,,1627365,44,93,2,USD
1388020,2,2018-10-19,,1627365,44,1454,4,USD
1388020,3,2018-10-19,,1627365,44,1696,3,USD
1389000,1,2018-10-20,,793686,29,1714,7,EUR
1389000,2,2018-10-20,,793686,29,1604,2,EUR
1389000,3,2018-10-20,,793686,29,1644,1,EUR
1389001,1,2018-10-20,,1739992,44,441,2,USD
1389002,1,2018-10-20,,253505,8,1316,4,CAD
1389003,1,2018-10-20,,1719541,44,1648,3,USD
1389003,2,2018-10-20,,1719541,44,2442,3,USD
1389004,1,2018-10-20,,1191709,39,1346,4,GBP
1389004,2,2018-10-20,,1191709,39,1696,1,GBP
1389005,1,2018-10-20,,1933298,55,1627,1,USD
1389006,1,2018-10-20,2018-10-25,1661596,0,1406,3,USD
1389006,2,2018-10-20,2018-10-25,1661596,0,464,2,USD
1389006,3,2018-10-20,2018-10-25,1661596,0,1685,8,USD
1389006,4,2018-10-20,2018-10-25,1661596,0,456,1,USD
1389007,1,2018-10-20,,1224252,51,1475,2,USD
1389007,2,2018-10-20,,1224252,51,894,1,USD
1389008,1,2018-10-20,,535159,19,2461,2,EUR
1389008,2,2018-10-20,,535159,19,1409,4,EUR
1389008,3,2018-10-20,,535159,19,1604,8,EUR
1389008,4,2018-10-20,,535159,19,443,2,EUR
1389008,5,2018-10-20,,535159,19,155,1,EUR
1389009,1,2018-10-20,,1255402,49,1226,2,USD
1389011,1,2018-10-20,,1468248,56,1586,5,USD
1389011,2,2018-10-20,,1468248,56,449,5,USD
1389011,3,2018-10-20,,1468248,56,420,3,USD
1389011,4,2018-10-20,,1468248,56,850,1,USD
1389011,5,2018-10-20,,1468248,56,1457,1,USD
1389011,6,2018-10-20,,1468248,56,65,3,USD
1389011,7,2018-10-20,,1468248,56,993,1,USD
1389013,1,2018-10-20,,1512747,53,29,7,USD
1389013,2,2018-10-20,,1512747,53,73,4,USD
1389015,1,2018-10-20,,2033335,44,1634,1,USD
1389015,2,2018-10-20,,2033335,44,86,5,USD
1389015,3,2018-10-20,,2033335,44,87,6,USD
1389015,5,2018-10-20,,2033335,44,1685,4,USD
1389015,6,2018-10-20,,2033335,44,1023,3,USD
1389016,1,2018-10-20,,2016610,43,560,3,USD
1389016,2,2018-10-20,,2016610,43,51,2,USD
1389017,1,2018-10-20,,585598,27,1600,1,EUR
1389017,2,2018-10-20,,585598,27,1820,5,EUR
1389017,3,2018-10-20,,585598,27,375,2,EUR
1389018,1,2018-10-20,,526582,21,1423,1,EUR
1389018,2,2018-10-20,,526582,21,2046,3,EUR
1389018,3,2018-10-20,,526582,21,405,7,EUR
1389018,4,2018-10-20,,526582,21,1516,5,EUR
1389018,5,2018-10-20,,526582,21,673,5,EUR
1389019,1,2018-10-20,,1798806,59,1692,4,USD
1389019,2,2018-10-20,,1798806,59,95,2,USD
1389020,1,2018-10-20,,1780669,57,146,6,USD
1389020,2,2018-10-20,,1780669,57,1710,1,USD
1389021,1,2018-10-20,,1960256,47,1786,1,USD
1389021,2,2018-10-20,,1960256,47,1631,6,USD
1389022,1,2018-10-20,,1211824,62,1990,1,USD
1389023,1,2018-10-20,,1999721,47,1656,1,USD
1389023,2,2018-10-20,,1999721,47,83,1,USD
1389023,3,2018-10-20,,1999721,47,432,7,USD
1389024,1,2018-10-20,,1189747,40,165,1,GBP
1389024,2,2018-10-20,,1189747,40,75,4,GBP
1389024,3,2018-10-20,,1189747,40,1462,7,GBP
1389025,1,2018-10-20,,1865718,55,1295,5,USD
1389025,2,2018-10-20,,1865718,55,1626,1,USD
1389025,3,2018-10-20,,1865718,55,106,2,USD
1389026,1,2018-10-20,2018-10-25,2093929,0,97,7,USD
1389027,1,2018-10-20,,1039919,38,1706,1,GBP
1389028,1,2018-10-20,,1955238,53,2360,3,USD
1389028,2,2018-10-20,,1955238,53,66,1,USD
1389029,1,2018-10-20,,445890,27,103,10,EUR
1389029,2,2018-10-20,,445890,27,2081,2,EUR
1389030,1,2018-10-20,,1224615,54,64,1,USD
1389030,2,2018-10-20,,1224615,54,348,3,USD
1389031,1,2018-10-20,,1382226,53,446,2,USD
1389031,2,2018-10-20,,1382226,53,364,5,USD
1389032,1,2018-10-20,2018-10-22,660527,0,1674,3,EUR
1389032,2,2018-10-20,2018-10-22,660527,0,459,8,EUR
1389032,3,2018-10-20,2018-10-22,660527,0,75,2,EUR
1389033,1,2018-10-20,2018-10-23,1517394,0,1688,1,USD
1389034,1,2018-10-20,,1281731,45,1966,3,USD
1389034,2,2018-10-20,,1281731,45,1999,2,USD
1389034,3,2018-10-20,,1281731,45,1734,1,USD
1389035,1,2018-10-20,,1011540,39,1572,2,GBP
1389036,1,2018-10-20,,526851,23,101,1,EUR
1390000,1,2018-10-21,2018-10-25,1072821,0,1688,2,GBP
1390000,2,2018-10-21,2018-10-25,1072821,0,2129,2,GBP
1390001,1,2018-10-21,,1433269,47,1805,1,USD
1430000,2,2018-11-30,,1825407,44,459,5,USD
1430001,1,2018-11-30,,2012901,64,726,3,USD
1430001,2,2018-11-30,,2012901,64,170,2,USD
1430001,3,2018-11-30,,2012901,64,675,4,USD
1430002,1,2018-11-30,,1387194,63,1700,1,USD
1430003,1,2018-11-30,,543834,20,1798,3,EUR
1430004,1,2018-11-30,,739625,30,420,2,EUR
1430005,1,2018-11-30,,1076923,40,439,4,GBP
1430005,2,2018-11-30,,1076923,40,416,2,GBP
1430005,3,2018-11-30,,1076923,40,307,4,GBP
1430006,1,2018-11-30,,1041566,40,394,1,GBP
1430008,1,2018-11-30,,982052,40,2500,10,GBP
1430009,1,2018-11-30,,488029,23,429,3,EUR
1430009,2,2018-11-30,,488029,23,1586,1,EUR
1430009,3,2018-11-30,,488029,23,1458,2,EUR
1430010,1,2018-11-30,,1442274,65,1780,8,USD
1430010,2,2018-11-30,,1442274,65,1598,4,USD
1430010,3,2018-11-30,,1442274,65,1735,2,USD
1430011,1,2018-11-30,,156006,5,97,3,AUD
1430011,2,2018-11-30,,156006,5,1634,8,AUD
1430012,1,2018-11-30,2018-12-02,1233782,0,1726,1,USD
1430013,1,2018-11-30,2018-12-02,1733399,0,985,1,USD
1430013,2,2018-11-30,2018-12-02,1733399,0,87,1,USD
1430013,3,2018-11-30,2018-12-02,1733399,0,359,2,USD
1430013,4,2018-11-30,2018-12-02,1733399,0,490,3,USD
1430013,5,2018-11-30,2018-12-02,1733399,0,292,2,USD
1430014,1,2018-11-30,,1327386,54,950,8,USD
1430014,2,2018-11-30,,1327386,54,754,2,USD
1430014,3,2018-11-30,,1327386,54,1559,1,USD
1430016,1,2018-11-30,,1784590,51,209,2,USD
1430016,2,2018-11-30,,1784590,51,1615,1,USD
1430017,1,2018-11-30,,1262470,54,1805,2,USD
1430017,2,2018-11-30,,1262470,54,1480,1,USD
1430017,3,2018-11-30,,1262470,54,1523,2,USD
1430017,4,2018-11-30,,1262470,54,1998,3,USD
1430017,5,2018-11-30,,1262470,54,2492,7,USD
1430017,6,2018-11-30,,1262470,54,2055,10,USD
1430019,1,2018-11-30,,1232975,63,1699,1,USD
1430020,1,2018-11-30,,1791133,66,1284,1,USD
1430020,2,2018-11-30,,1791133,66,1448,4,USD
1430021,1,2018-11-30,2018-12-03,1013313,0,713,1,GBP
1430021,2,2018-11-30,2018-12-03,1013313,0,1398,3,GBP
1430022,1,2018-11-30,,121324,6,1324,5,AUD
1431000,1,2018-12-01,,1958543,50,449,4,USD
1431000,2,2018-12-01,,1958543,50,666,5,USD
1431000,3,2018-12-01,,1958543,50,1561,1,USD
1431001,1,2018-12-01,,336562,10,1592,2,CAD
1431001,2,2018-12-01,,336562,10,1296,7,CAD
1431002,1,2018-12-01,,1997208,43,1360,2,USD
1431003,1,2018-12-01,,747526,30,610,3,EUR
1431003,2,2018-12-01,,747526,30,443,2,EUR
1431005,1,2018-12-01,,1941222,47,1511,2,USD
1431006,1,2018-12-01,2018-12-06,457019,0,929,5,EUR
1431006,2,2018-12-01,2018-12-06,457019,0,693,2,EUR
1431007,1,2018-12-01,,1646713,49,2038,1,USD
1431007,2,2018-12-01,,1646713,49,1422,2,USD
1431008,1,2018-12-01,,1650783,66,2110,3,USD
1431008,2,2018-12-01,,1650783,66,723,1,USD
1431009,1,2018-12-01,,166813,5,46,1,AUD
1431009,2,2018-12-01,,166813,5,2153,3,AUD
1431009,3,2018-12-01,,166813,5,667,1,AUD
1431010,1,2018-12-01,,1073026,40,2375,4,GBP
1431011,1,2018-12-01,,1432139,61,426,4,USD
1431011,2,2018-12-01,,1432139,61,2470,2,USD
1431011,3,2018-12-01,,1432139,61,1660,3,USD
1431011,4,2018-12-01,,1432139,61,1450,5,USD
1431011,5,2018-12-01,,1432139,61,1638,1,USD
1431011,6,2018-12-01,,1432139,61,1152,1,USD
1431011,7,2018-12-01,,1432139,61,376,5,USD
1431012,1,2018-12-01,,1785644,61,434,3,USD
1431012,2,2018-12-01,,1785644,61,426,4,USD
1431013,1,2018-12-01,,1590257,57,469,3,USD
1431013,2,2018-12-01,,1590257,57,1614,2,USD
1431013,3,2018-12-01,,1590257,57,2090,1,USD
1431014,1,2018-12-01,,577367,24,427,2,EUR
1431014,2,2018-12-01,,577367,24,408,1,EUR
1431015,1,2018-12-01,,1393392,49,1644,7,USD
1431016,1,2018-12-01,,626983,15,471,1,EUR
1431017,1,2018-12-01,2018-12-03,1994181,0,1591,3,USD
1431017,2,2018-12-01,2018-12-03,1994181,0,133,9,USD
1431018,1,2018-12-01,,1414215,51,1638,4,USD
1431019,1,2018-12-01,,1900738,51,735,3,USD
1431019,2,2018-12-01,,1900738,51,1584,2,USD
1431019,3,2018-12-01,,1900738,51,1448,5,USD
1431020,1,2018-12-01,,1558640,64,107,6,USD
1431020,2,2018-12-01,,1558640,64,1251,3,USD
1431021,1,2018-12-01,,1066623,36,446,2,GBP
1431022,1,2018-12-01,,1841513,54,2008,1,USD
1431022,2,2018-12-01,,1841513,54,396,1,USD
1431022,3,2018-12-01,,1841513,54,428,1,USD
1431022,4,2018-12-01,,1841513,54,65,6,USD
1431023,1,2018-12-01,,37408,1,132,2,AUD
1431023,2,2018-12-01,,37408,1,427,2,AUD
1431023,3,2018-12-01,,37408,1,18,1,AUD
1431023,5,2018-12-01,,37408,1,2130,7,AUD
1431024,1,2018-12-01,,1286602,65,1602,2,USD
1431026,1,2018-12-01,2018-12-02,76021,0,1848,3,AUD
1431026,2,2018-12-01,2018-12-02,76021,0,449,6,AUD
1431026,3,2018-12-01,2018-12-02,76021,0,1023,1,AUD
1431026,4,2018-12-01,2018-12-02,76021,0,1573,1,AUD
1431027,1,2018-12-01,,67217,6,2502,1,AUD
1431027,2,2018-12-01,,67217,6,569,4,AUD
1431027,3,2018-12-01,,67217,6,444,1,AUD
1431028,1,2018-12-01,,1474363,53,1415,4,USD
1431028,2,2018-12-01,,1474363,53,1383,1,USD
1431028,3,2018-12-01,,1474363,53,1578,2,USD
1431029,1,2018-12-01,,1591779,50,425,7,USD
1431029,2,2018-12-01,,1591779,50,325,1,USD
1431030,1,2018-12-01,,917772,37,1792,5,GBP
1431030,2,2018-12-01,,917772,37,1805,1,GBP
1431030,3,2018-12-01,,917772,37,1661,1,GBP
1431031,1,2018-12-01,,1699480,65,105,3,USD
1431032,1,2018-12-01,,1308706,56,1652,6,USD
1431033,1,2018-12-01,,1481042,54,379,10,USD
1431034,1,2018-12-01,,823264,34,1817,1,EUR
1431034,2,2018-12-01,,823264,34,1574,1,EUR
1431034,3,2018-12-01,,823264,34,1605,1,EUR
1431035,1,2018-12-01,,1851881,43,1615,3,USD
1431035,2,2018-12-01,,1851881,43,1682,7,USD
1431037,1,2018-12-01,2018-12-08,1749145,0,962,2,USD
1431037,2,2018-12-01,2018-12-08,1749145,0,1820,1,USD
1431038,1,2018-12-01,,1096960,38,1665,1,GBP
1431038,2,2018-12-01,,1096960,38,433,2,GBP
1431038,3,2018-12-01,,1096960,38,1596,2,GBP
1431038,4,2018-12-01,,1096960,38,35,1,GBP
1431039,1,2018-12-01,,1599966,62,1686,7,USD
1431039,2,2018-12-01,,1599966,62,1820,10,USD
1431040,1,2018-12-01,,1501746,57,1614,3,USD
1432000,1,2018-12-02,,745462,29,585,1,EUR
1432000,2,2018-12-02,,745462,29,1335,1,EUR
1432000,3,2018-12-02,,745462,29,593,1,EUR
1432001,1,2018-12-02,,239187,8,1589,4,CAD
1432001,2,2018-12-02,,239187,8,685,1,CAD
1432001,3,2018-12-02,,239187,8,2075,3,CAD
1432002,1,2018-12-02,,1309256,48,1432,4,USD
1432002,2,2018-12-02,,1309256,48,81,2,USD
1432002,3,2018-12-02,,1309256,48,1644,4,USD
1433000,1,2018-12-03,,1688698,49,58,3,USD
1433001,1,2018-12-03,,551036,19,1643,1,EUR
1433002,1,2018-12-03,2018-12-05,1276598,0,1526,4,USD
1433002,2,2018-12-03,2018-12-05,1276598,0,115,6,USD
1433002,3,2018-12-03,2018-12-05,1276598,0,436,2,USD
1433003,1,2018-12-03,,321675,9,2443,2,CAD
1433003,2,2018-12-03,,321675,9,446,1,CAD
1433003,3,2018-12-03,,321675,9,1635,6,CAD
1433003,4,2018-12-03,,321675,9,73,3,CAD
1433003,6,2018-12-03,,321675,9,1638,2,CAD
1433003,7,2018-12-03,,321675,9,1573,1,CAD
1433004,1,2018-12-03,,2076833,45,1686,1,USD
1433006,1,2018-12-03,2018-12-08,336239,0,1675,3,CAD
1433006,2,2018-12-03,2018-12-08,336239,0,450,8,CAD
1433006,3,2018-12-03,2018-12-08,336239,0,2350,1,CAD
1433007,1,2018-12-03,,1741351,44,1768,2,USD
1433007,2,2018-12-03,,1741351,44,125,1,USD
1433008,1,2018-12-03,,361691,9,963,1,CAD
1433008,2,2018-12-03,,361691,9,421,1,CAD
1433008,3,2018-12-03,,361691,9,1450,3,CAD
1433008,4,2018-12-03,,361691,9,459,3,CAD
1433009,1,2018-12-03,,1205065,56,106,1,USD
1433009,2,2018-12-03,,1205065,56,818,1,USD
1433009,3,2018-12-03,,1205065,56,2228,1,USD
1433010,1,2018-12-03,,1559125,48,677,8,USD
1433011,1,2018-12-03,,1832086,45,57,2,USD
1433011,2,2018-12-03,,1832086,45,120,4,USD
1433012,1,2018-12-03,,708522,29,1015,4,EUR
1433012,2,2018-12-03,,708522,29,100,9,EUR
1433012,3,2018-12-03,,708522,29,426,3,EUR
1433013,1,2018-12-03,,1224615,44,1626,6,USD
1433015,1,2018-12-03,,1544330,66,151,7,USD
1433015,2,2018-12-03,,1544330,66,1463,3,USD
1433015,3,2018-12-03,,1544330,66,1787,1,USD
1433016,1,2018-12-03,,1161188,42,1423,4,GBP
1457052,4,2018-12-27,2019-01-01,1410945,0,2111,2,USD
1457053,1,2018-12-27,,641841,16,2510,3,EUR
1457054,1,2018-12-27,,1274532,61,1643,3,USD
1457054,2,2018-12-27,,1274532,61,69,2,USD
1457054,3,2018-12-27,,1274532,61,1611,6,USD
1457055,1,2018-12-27,,1190196,38,146,2,GBP
1457056,1,2018-12-27,,1673408,44,1752,3,USD
1457057,1,2018-12-27,,454548,19,453,1,EUR
1457057,2,2018-12-27,,454548,19,1191,7,EUR
1457057,3,2018-12-27,,454548,19,2099,2,EUR
1457058,1,2018-12-27,,681493,18,445,2,EUR
1457058,2,2018-12-27,,681493,18,431,2,EUR
1457059,1,2018-12-27,,618287,15,2189,1,EUR
1457059,2,2018-12-27,,618287,15,1598,7,EUR
1457059,3,2018-12-27,,618287,15,2515,1,EUR
1457060,1,2018-12-27,,2089881,53,2004,1,USD
1457060,2,2018-12-27,,2089881,53,838,1,USD
1457061,1,2018-12-27,,1514233,59,1646,8,USD
1457061,2,2018-12-27,,1514233,59,1614,1,USD
1457061,3,2018-12-27,,1514233,59,441,2,USD
1457062,1,2018-12-27,,469440,19,171,2,EUR
1457062,2,2018-12-27,,469440,19,1605,2,EUR
1457062,3,2018-12-27,,469440,19,75,3,EUR
1457063,1,2018-12-27,,2026387,64,1509,6,USD
1457063,2,2018-12-27,,2026387,64,468,8,USD
1457064,1,2018-12-27,,2076403,63,2202,5,USD
1457064,2,2018-12-27,,2076403,63,1440,5,USD
1457064,3,2018-12-27,,2076403,63,110,1,USD
1457064,4,2018-12-27,,2076403,63,111,6,USD
1457065,1,2018-12-27,2019-01-03,48466,0,1577,2,AUD
1457065,2,2018-12-27,2019-01-03,48466,0,109,1,AUD
1457065,3,2018-12-27,2019-01-03,48466,0,64,5,AUD
1457065,4,2018-12-27,2019-01-03,48466,0,1627,1,AUD
1457066,1,2018-12-27,2018-12-29,1656861,0,1210,3,USD
1457066,2,2018-12-27,2018-12-29,1656861,0,104,2,USD
1457066,3,2018-12-27,2018-12-29,1656861,0,1428,2,USD
1457067,1,2018-12-27,2019-01-02,1456036,0,1408,2,USD
1457068,1,2018-12-27,,1203228,45,437,1,USD
1457068,2,2018-12-27,,1203228,45,1387,5,USD
1457068,3,2018-12-27,,1203228,45,566,1,USD
1457069,1,2018-12-27,,1610770,56,1518,2,USD
1457070,1,2018-12-27,,1867338,62,2103,2,USD
1457071,1,2018-12-27,,1564733,61,1637,1,USD
1457071,2,2018-12-27,,1564733,61,1640,5,USD
1457071,3,2018-12-27,,1564733,61,82,7,USD
1457071,4,2018-12-27,,1564733,61,1811,3,USD
1457072,1,2018-12-27,2018-12-30,1538224,0,436,9,USD
1457072,2,2018-12-27,2018-12-30,1538224,0,1490,1,USD
1457072,3,2018-12-27,2018-12-30,1538224,0,457,2,USD
1457072,4,2018-12-27,2018-12-30,1538224,0,1680,1,USD
1457072,5,2018-12-27,2018-12-30,1538224,0,484,1,USD
1457072,6,2018-12-27,2018-12-30,1538224,0,96,2,USD
1457073,1,2018-12-27,,1354487,50,1599,2,USD
1457073,2,2018-12-27,,1354487,50,2105,2,USD
1457073,3,2018-12-27,,1354487,50,2100,1,USD
1457073,4,2018-12-27,,1354487,50,1582,1,USD
1457073,5,2018-12-27,,1354487,50,336,4,USD
1457073,6,2018-12-27,,1354487,50,1576,4,USD
1457074,1,2018-12-27,,1313113,61,550,1,USD
1457075,1,2018-12-27,,1919773,49,1430,1,USD
1457076,1,2018-12-27,,506515,20,179,3,EUR
1457076,2,2018-12-27,,506515,20,70,3,EUR
1457077,1,2018-12-27,,544035,19,47,2,EUR
1457077,2,2018-12-27,,544035,19,2507,4,EUR
1457078,1,2018-12-27,,503788,23,73,7,EUR
1457078,2,2018-12-27,,503788,23,1914,3,EUR
1457078,3,2018-12-27,,503788,23,65,2,EUR
1457079,1,2018-12-27,2019-01-02,282556,0,1654,1,CAD
1457080,1,2018-12-27,2018-12-29,890094,0,45,1,EUR
1458000,1,2018-12-28,,1139316,40,1612,1,GBP
1458001,1,2018-12-28,,1312168,51,2345,3,USD
1458001,2,2018-12-28,,1312168,51,678,5,USD
1458001,3,2018-12-28,,1312168,51,433,5,USD
1458001,4,2018-12-28,,1312168,51,439,3,USD
1458001,5,2018-12-28,,1312168,51,427,2,USD
1458002,1,2018-12-28,,1173844,40,1454,3,GBP
1458002,2,2018-12-28,,1173844,40,1721,2,GBP
1458002,3,2018-12-28,,1173844,40,1499,2,GBP
1458002,4,2018-12-28,,1173844,40,510,1,GBP
1458002,5,2018-12-28,,1173844,40,1203,9,GBP
1458002,6,2018-12-28,,1173844,40,1817,7,GBP
1458003,1,2018-12-28,,1057151,36,1709,5,GBP
1458004,1,2018-12-28,,842317,32,2505,2,EUR
1458004,2,2018-12-28,,842317,32,2063,4,EUR
1458006,1,2018-12-28,,1060423,38,207,3,GBP
1458006,2,2018-12-28,,1060423,38,483,1,GBP
1458007,1,2018-12-28,,418899,24,1615,6,EUR
1458008,1,2018-12-28,,1524756,55,1510,2,USD
1458009,1,2018-12-28,,484181,24,1359,6,EUR
1458011,1,2018-12-28,,738549,29,1604,3,EUR
1458011,2,2018-12-28,,738549,29,2491,1,EUR
1458012,1,2018-12-28,,1560490,54,73,3,USD
1458013,1,2018-12-28,2019-01-02,1718194,0,1080,1,USD
1458014,1,2018-12-28,,913132,37,1726,1,GBP
1458014,2,2018-12-28,,913132,37,70,1,GBP
1458015,1,2018-12-28,,1718240,54,1693,7,USD
1458015,2,2018-12-28,,1718240,54,367,1,USD
1458015,3,2018-12-28,,1718240,54,1667,2,USD
1458015,4,2018-12-28,,1718240,54,1679,5,USD
1458016,1,2018-12-28,,810900,31,1690,3,EUR
1458016,2,2018-12-28,,810900,31,1518,5,EUR
1458016,3,2018-12-28,,810900,31,1586,4,EUR
1458016,4,2018-12-28,,810900,31,1892,3,EUR
1458017,1,2018-12-28,,1196380,38,1618,1,GBP
1458017,2,2018-12-28,,1196380,38,1652,7,GBP
1458017,3,2018-12-28,,1196380,38,1171,3,GBP
1458017,4,2018-12-28,,1196380,38,1580,4,GBP
1458018,1,2018-12-28,,255723,8,1718,1,CAD
1458018,2,2018-12-28,,255723,8,1680,2,CAD
1458019,1,2018-12-28,2018-12-31,2077860,0,534,4,USD
1458019,2,2018-12-28,2018-12-31,2077860,0,976,8,USD
1458021,1,2018-12-28,,1557688,59,2162,8,USD
1458021,2,2018-12-28,,1557688,59,1147,5,USD
1458021,3,2018-12-28,,1557688,59,848,2,USD
1458021,4,2018-12-28,,1557688,59,106,4,USD
1458022,1,2018-12-28,2019-01-03,458601,0,481,4,EUR
1458022,2,2018-12-28,2019-01-03,458601,0,1621,2,EUR
1458022,3,2018-12-28,2019-01-03,458601,0,2345,2,EUR
1458023,1,2018-12-28,2019-01-02,1654128,0,1706,7,USD
1458023,2,2018-12-28,2019-01-02,1654128,0,1757,3,USD
1458023,3,2018-12-28,2019-01-02,1654128,0,114,10,USD
1458023,4,2018-12-28,2019-01-02,1654128,0,508,1,USD
1458024,1,2018-12-28,,910032,42,1458,5,GBP
1458025,1,2018-12-28,,1333943,59,1606,2,USD
1458025,2,2018-12-28,,1333943,59,1657,3,USD
1458025,3,2018-12-28,,1333943,59,1680,6,USD
1458026,1,2018-12-28,2019-01-01,1411860,0,2185,9,USD
1458026,2,2018-12-28,2019-01-01,1411860,0,2338,1,USD
1458026,3,2018-12-28,2019-01-01,1411860,0,59,3,USD
1458026,4,2018-12-28,2019-01-01,1411860,0,1587,1,USD
1458027,1,2018-12-28,2019-01-01,664411,0,1783,1,EUR
1458027,2,2018-12-28,2019-01-01,664411,0,520,8,EUR
1458027,3,2018-12-28,2019-01-01,664411,0,1687,1,EUR
1458028,1,2018-12-28,,1373535,48,518,9,USD
1458030,1,2018-12-28,,1937990,66,1752,1,USD
1458031,1,2018-12-28,2018-12-31,1165391,0,554,3,GBP
1458031,2,2018-12-28,2018-12-31,1165391,0,1616,1,GBP
1458031,3,2018-12-28,2018-12-31,1165391,0,1321,2,GBP
1458032,1,2018-12-28,,414238,21,1430,1,EUR
1458032,2,2018-12-28,,414238,21,55,1,EUR
